{
	"info": {
		"_postman_id": "25209f80-ce68-4de3-ab69-b8975ec7ce22",
		"name": "Shipedge Inventory",
		"schema": "https://schema.getpostman.com/json/collection/v2.1.0/collection.json"
	},
	"item": [
		{
			"name": "Ping",
			"request": {
				"method": "POST",
				"header": [
					{
						"key": "username",
						"value": "cuenta_test",
						"type": "text"
					}
				],
				"body": {
					"mode": "raw",
					"raw": "{\r\n    \"account_id\": 35,\r\n    \"key\": \"7c1277b835a0fc4873b90174afd1e132\",\r\n    \"warehouse\": \"bx1\"\r\n}"
				},
				"url": {
					"raw": "http://gammaintegration.shipedge.com/API/Rest/v2/Inventory/ping",
					"protocol": "http",
					"host": [
						"gammaintegration",
						"shipedge",
						"com"
					],
					"path": [
						"API",
						"Rest",
						"v2",
						"Inventory",
						"ping"
					]
				}
			},
			"response": []
		},
		{
			"name": "get_products",
			"request": {
				"method": "POST",
				"header": [],
				"body": {
					"mode": "raw",
					"raw": "{\r\n    \"account_id\": 35,\r\n    \"key\": \"7c1277b835a0fc4873b90174afd1e132\",\r\n    \"warehouse\": \"bx1\",\r\n    \"page\": 1\r\n}"
				},
				"url": {
					"raw": "http://gammaintegration.shipedge.com/API/Rest/v2/Inventory/get_products",
					"protocol": "http",
					"host": [
						"gammaintegration",
						"shipedge",
						"com"
					],
					"path": [
						"API",
						"Rest",
						"v2",
						"Inventory",
						"get_products"
					]
				}
			},
			"response": []
		},
		{
			"name": "get_total_products",
			"request": {
				"method": "POST",
				"header": [],
				"body": {
					"mode": "raw",
					"raw": "{\r\n  \"account_id\": 35,\r\n  \"key\": \"7c1277b835a0fc4873b90174afd1e132\",\r\n  \"warehouse\": \"bx1\",\r\n  \"from_date\": \"2019-01-01 18:34:18\",\r\n  \"to_date\": \"2021-08-30 18:34:18\"\r\n}"
				},
				"url": {
					"raw": "http://gammaintegration.shipedge.com/API/Rest/v2/Inventory/get_total_products",
					"protocol": "http",
					"host": [
						"gammaintegration",
						"shipedge",
						"com"
					],
					"path": [
						"API",
						"Rest",
						"v2",
						"Inventory",
						"get_total_products"
					]
				}
			},
			"response": []
		},
		{
			"name": "get_product",
			"request": {
				"method": "POST",
				"header": [],
				"body": {
					"mode": "raw",
					"raw": "{\r\n    \"account_id\": 35,\r\n    \"key\": \"7c1277b835a0fc4873b90174afd1e132\",\r\n    \"warehouse\": \"bx1\",\r\n    \"product_id\": \"115319\"\r\n}"
				},
				"url": {
					"raw": "http://gammaintegration.shipedge.com/API/Rest/v2/Inventory/get_product",
					"protocol": "http",
					"host": [
						"gammaintegration",
						"shipedge",
						"com"
					],
					"path": [
						"API",
						"Rest",
						"v2",
						"Inventory",
						"get_product"
					]
				}
			},
			"response": []
		},
		{
			"name": "get_sku",
			"request": {
				"method": "POST",
				"header": [],
				"body": {
					"mode": "raw",
					"raw": "{\r\n    \"account_id\": 35,\r\n    \"key\": \"7c1277b835a0fc4873b90174afd1e132\",\r\n    \"warehouse\": \"bx1\",\r\n    \"sku\": \"7867564598\"\r\n}"
				},
				"url": {
					"raw": "http://gammaintegration.shipedge.com/API/Rest/v2/Inventory/get_sku",
					"protocol": "http",
					"host": [
						"gammaintegration",
						"shipedge",
						"com"
					],
					"path": [
						"API",
						"Rest",
						"v2",
						"Inventory",
						"get_sku"
					]
				}
			},
			"response": []
		},
		{
			"name": "create_products",
			"request": {
				"method": "POST",
				"header": [],
				"body": {
					"mode": "raw",
					"raw": "{\r\n  \"account_id\": 35,\r\n  \"key\": \"7c1277b835a0fc4873b90174afd1e132\",\r\n  \"warehouse\": \"bx1\",\r\n  \"products\": [\r\n    {\r\n      \"sku\": \"skuPruebxBx\",\r\n      \"description\": \"Prueba Bx\",\r\n      \"width\": 1,\r\n      \"length\": 2,\r\n      \"height\": 3,\r\n      \"weight\": 4,\r\n      \"cost\": 10,\r\n      \"retail\": 11\r\n    },\r\n    {\r\n      \"sku\": \"skuPruebaBx2\",\r\n      \"description\": \"Prueba Bx2\",\r\n      \"width\": 5,\r\n      \"length\": 4,\r\n      \"height\": 3,\r\n      \"weight\": 2,\r\n      \"cost\": 10,\r\n      \"retail\": 11\r\n    }\r\n  ]\r\n}"
				},
				"url": {
					"raw": "http://gammaintegration.shipedge.com/API/Rest/v2/Inventory/create_products",
					"protocol": "http",
					"host": [
						"gammaintegration",
						"shipedge",
						"com"
					],
					"path": [
						"API",
						"Rest",
						"v2",
						"Inventory",
						"create_products"
					]
				}
			},
			"response": []
		},
		{
			"name": "add_attributes",
			"request": {
				"method": "POST",
				"header": [],
				"body": {
					"mode": "raw",
					"raw": "{\r\n  \"account_id\": 35,\r\n  \"key\": \"7c1277b835a0fc4873b90174afd1e132\",\r\n  \"warehouse\": \"bx1\",\r\n  \"products\": [\r\n    {\r\n      \"product_id\": \"43\",\r\n      \"attribute_name\": \"cost\",\r\n      \"attribute_value\": \"1\"\r\n    },\r\n    {\r\n      \"product_id\": \"2\",\r\n      \"attribute_name\": \"price\",\r\n      \"attribute_value\": \"2\"\r\n    }\r\n  ]\r\n}"
				},
				"url": {
					"raw": "http://gammaintegration.shipedge.com/API/Rest/v2/Inventory/add_atrributes",
					"protocol": "http",
					"host": [
						"gammaintegration",
						"shipedge",
						"com"
					],
					"path": [
						"API",
						"Rest",
						"v2",
						"Inventory",
						"add_atrributes"
					]
				}
			},
			"response": []
		},
		{
			"name": "del_attribute",
			"request": {
				"method": "POST",
				"header": [],
				"body": {
					"mode": "raw",
					"raw": "{\r\n  \"account_id\": 35,\r\n  \"key\": \"7c1277b835a0fc4873b90174afd1e132\",\r\n  \"warehouse\": \"bx1\",\r\n  \"product_id\": \"3\",\r\n  \"attribute_name\": \"cost\"\r\n}"
				},
				"url": {
					"raw": "http://gammaintegration.shipedge.com/API/Rest/v2/Inventory/del_attribute",
					"protocol": "http",
					"host": [
						"gammaintegration",
						"shipedge",
						"com"
					],
					"path": [
						"API",
						"Rest",
						"v2",
						"Inventory",
						"del_attribute"
					]
				}
			},
			"response": []
		}
	]
}